,0,1
0,trump,1214
1,warns,12
2,vote,41
3,flipping,2
4,machine,3
5,election,59
6,giant,1
7,middle,2
8,finger,2
9,washington,4
10,d,14
11,populism,2
12,controlled,1
13,governmen,2
14,bollywood,1
15,ad,7
16,meant,1
17,sway,1
18,indian,2
19,american,22
20,voters,16
21,hilarious,3
22,fai,2
23,dems,3
24,charges,3
25,inciting,1
26,rally,17
27,violenc,2
28,israeli,5
29,supporters,33
30,donald,228
31,jerusalem,5
32,forever,1
33,event,2
34,israel,8
35,capital,1
36,cit,3
37,clinton,123
38,tensions,1
39,escalate,1
40,china,3
41,russia,20
42,u,27
43,presiden,15
44,bernie,5
45,sanders,7
46,replace,3
47,president,49
48,little,5
49,known,1
50,loophol,1
51,prepare,1
52,2018,1
53,landslide,7
54,victory,27
55,usher,1
56,coming,4
57,global,6
58,shakin,2
59,shut,1
60,federal,4
61,reserve,1
62,start,7
63,issuing,1
64,debt,1
65,free,5
66,mone,3
67,united,5
68,states,17
69,america,39
70,j,5
71,trum,114
72,watch,34
73,people,21
74,laughed,1
75,said,9
76,wi,21
77,attacking,3
78,assad,1
79,end,8
80,fighting,5
81,informatio,13
82,media,30
83,lost,4
84,political,14
85,power,5
86,night,3
87,thank,2
88,daily,15
89,wir,13
90,iranian,1
91,pastor,5
92,held,4
93,hostage,1
94,iran,7
95,voting,29
96,according,2
97,activity,1
98,facebook,3
99,sweep,1
100,42,2
101,50,3
102,electio,15
103,julian,4
104,assange,7
105,predicts,6
106,lose,8
107,missing,2
108,day,13
109,1,8
110,presidency,20
111,implications,1
112,nat,2
113,reporters,3
114,stunned,2
115,learn,1
116,fans,8
117,lining,1
118,12,7
119,hours,2
120,dont,15
121,speak,1
122,evangelical,3
123,phd,1
124,slams,3
125,religious,1
126,right,9
127,leaders,2
128,supporting,3
129,harry,4
130,reid,4
131,desperately,2
132,accuses,7
133,fbi,34
134,violating,1
135,hatch,1
136,ac,1
137,commander,5
138,chief,8
139,terrifying,2
140,powers,1
141,thanks,3
142,obam,3
143,hissy,2
144,fit,3
145,reporter,15
146,points,3
147,pausing,1
148,campaign,38
149,open,5
150,hotel,5
151,really,3
152,dum,1
153,gingrich,4
154,exchange,2
155,megyn,6
156,kelly,5
157,play,4
158,game,3
159,asked,4
160,george,12
161,takei,2
162,tweet,8
163,positive,2
164,did,17
165,perfec,2
166,world,34
167,war,26
168,3,19
169,hillary,137
170,v,3
171,strategy,3
172,stopped,1
173,tried,2
174,assassinate,3
175,austyn,1
176,crites,1
177,shows,8
178,wikileaks,3
179,7,12
180,time,15
181,booby,1
182,trap,2
183,polling,6
184,place,2
185,spill,1
186,blood,1
187,volunteer,1
188,addicting,8
189,info,10
190,knowledge,8
191,crav,8
192,calling,5
193,brave,2
194,faced,2
195,man,14
196,stormed,1
197,stag,2
198,says,45
199,favorite,5
200,book,5
201,longer,1
202,bible,2
203,new,80
204,proves,6
205,narcissis,2
206,colour,1
207,revolution,11
208,active,1
209,zone,1
210,victor,21
211,usa,3
212,antique,1
213,hero,2
214,breaking,27
215,melania,11
216,immigration,3
217,records,2
218,public,2
219,ultimate,4
220,hypocrisy,1
221,foreign,11
222,policy,11
223,sane,1
224,belligeren,1
225,misogynist,2
226,hemorrhaging,1
227,women,8
228,voter,39
229,tower,3
230,surrounded,2
231,dump,7
232,trucks,1
233,anticipation,2
234,llama,1
235,mantenimiento,1
236,porque,1
237,el,5
238,bot,1
239,n,4
240,nuclear,7
241,funcion,1
242,repeats,1
243,bogus,2
244,claim,3
245,captain,1
246,khan,2
247,alive,1
248,consultant,1
249,tied,2
250,super,1
251,pac,3
252,promoted,1
253,suppression,6
254,black,35
255,female,5
256,kevin,1
257,macdonald,2
258,celebrates,2
259,amazing,3
260,possible,3
261,path,5
262,ukraine,3
263,crisis,3
264,consortiumnew,1
265,lesser,2
266,evil,3
267,fan,4
268,just,73
269,electric,2
270,chair,2
271,law,4
272,cnn,18
273,calls,23
274,sheriff,2
275,clarke,2
276,terrorist,4
277,considers,1
278,giving,1
279,incredible,1
280,job,4
281,endingfed,9
282,news,29
283,networ,9
284,tsunami,1
285,incoming,1
286,florida,7
287,today,4
288,make,17
289,sonntagsfrage,1
290,sagen,1
291,sie,1
292,dazu,1
293,dass,2
294,tats,1
295,chlich,1
296,gewonnen,1
297,ha,3
298,proof,4
299,iowa,3
300,cop,2
301,killer,2
302,supporte,2
303,set,6
304,ruling,1
305,lobbyists,1
306,terrified,1
307,liberty,11
308,writers,8
309,harder,1
310,respect,1
311,backers,2
312,vice,2
313,vers,1
314,newt,2
315,goes,11
316,berserk,1
317,fox,7
318,referred,1
319,sexual,6
320,predato,1
321,bridging,1
322,gap,4
323,promises,9
324,deal,10
325,americ,16
326,ivanka,4
327,makes,9
328,tragic,1
329,announcement,5
330,shocked,3
331,prophec,1
332,heureux,1
333,et,2
334,souriant,1
335,il,2
336,la,9
337,chance,4
338,toujours,1
339,ignorer,1
340,que,4
341,t,8
342,lu,1
343,le,11
344,goraf,7
345,warning,3
346,iii,4
347,isi,1
348,obama,57
349,display,1
350,unity,3
351,white,35
352,house,15
353,meetin,1
354,awe,1
355,gives,5
356,elegant,1
357,speech,10
358,given,2
359,booed,1
360,outside,3
361,terrible,1
362,da,5
363,slim,1
364,greatnes,1
365,attack,8
366,dog,3
367,david,10
368,brock,1
369,plotting,2
370,soros,18
371,steyer,1
372,sussman,1
373,kick,1
374,shock,9
375,nyt,4
376,gutter,1
377,victimizing,1
378,gir,1
379,shattered,1
380,jews,2
381,idyll,1
382,tests,2
383,capable,1
384,ballistic,1
385,missile,2
386,heard,1
387,grabs,2
388,pussie,1
389,team,5
390,begins,5
391,making,5
392,list,7
393,executive,2
394,orders,1
395,erase,3
396,wont,13
397,believe,2
398,reason,11
399,havent,1
400,seen,1
401,late,3
402,twitter,6
403,rant,3
404,announced,2
405,looking,3
406,ties,4
407,russi,9
408,trumpflation,1
409,scam,1
410,fiscal,1
411,bloodbath,1
412,ahea,1
413,crushed,2
414,hollywood,17
415,walk,14
416,fame,10
417,star,29
418,smashed,2
419,sledgehamme,2
420,45th,4
421,air,4
422,took,4
423,lead,15
424,electionnigh,1
425,chaos,7
426,woman,16
427,raped,2
428,age,5
429,13,5
430,schedules,1
431,press,8
432,conference,2
433,falls,2
434,apar,1
435,inside,4
436,invisible,3
437,government,6
438,john,5
439,pilger,2
440,propaganda,4
441,victim,2
442,propagand,2
443,statistical,1
444,tie,3
445,latest,4
446,breitbart,1
447,gravis,1
448,poll,21
449,closes,2
450,weeks,2
451,lef,1
452,500,2
453,000,5
454,sign,7
455,petition,1
456,asking,1
457,electoral,10
458,college,7
459,pick,2
460,instead,3
461,climactic,1
462,putin,22
463,oppo,1
464,epic,8
465,stocks,1
466,deby,1
467,bring,2
468,morning,2
469,mourning,1
470,billionaire,2
471,globalist,3
472,exposed,4
473,hidden,2
474,hand,3
475,protests,10
476,provoking,1
477,color,6
478,revolutio,2
479,declared,2
480,winne,2
481,kissinger,3
482,need,8
483,positions,2
484,taken,1
485,pillow,1
486,tal,2
487,duke,13
488,treason,3
489,6,2
490,00,1
491,november,3
492,6th,1
493,leading,3
494,major,9
495,national,8
496,jerusale,3
497,draining,2
498,swamp,4
499,2,10
500,0,1
501,versus,1
502,reaga,1
503,podesta,2
504,brothers,1
505,pedo,1
506,ring,1
507,mr,7
508,drain,1
509,guerrilla,1
510,economis,1
511,rushed,3
512,stage,4
513,reno,3
514,assassination,5
515,attemp,1
516,having,1
517,stroke,1
518,huckabee,2
519,car,6
520,wreck,1
521,freaks,2
522,laugh,2
523,hi,5
524,clean,5
525,energy,3
526,market,8
527,trumps,4
528,coa,1
529,aide,3
530,urges,1
531,disclose,1
532,knows,1
533,ex,6
534,manager,2
535,didnt,10
536,know,15
537,gold,9
538,family,10
539,bashing,4
540,lib,2
541,reprimanded,1
542,live,8
543,interview,10
544,using,2
545,wor,1
546,comment,32
547,win,36
548,think,8
549,hard,2
550,horror,2
551,happene,4
552,teaching,1
553,patriotism,1
554,school,3
555,earth,1
556,route,1
557,27,3
558,hits,3
559,unfavorability,1
560,high,4
561,60,5
562,higher,1
563,pantano,1
564,y,1
565,fuego,1
566,katehon,4
567,tank,4
568,geopolitics,4
569,traditio,4
570,dear,2
571,liberals,4
572,righ,2
573,electronic,3
574,machines,6
575,caught,11
576,switching,5
577,votes,13
578,trying,10
579,steal,11
580,texas,10
581,surviva,1
582,order,7
583,burning,3
584,flag,3
585,charged,3
586,conservative,4
587,pos,2
588,kills,1
589,gop,11
590,lowest,1
591,score,1
592,history,4
593,presidential,10
594,leadership,1
595,pol,1
596,reasons,4
597,won,14
598,cartoon,1
599,lurks,1
600,promised,3
601,drai,1
602,biden,4
603,support,6
604,israe,1
605,nation,7
606,lawyers,4
607,professor,2
608,predicted,6
609,elections,2
610,87,1
611,winnin,2
612,popular,3
613,dea,6
614,posted,1
615,instagram,2
616,father,4
617,biggest,4
618,controversie,1
619,looks,2
620,like,15
621,funding,2
622,funded,5
623,ferguson,2
624,riot,5
625,winning,7
626,future,4
627,depends,1
628,state,9
629,anti,36
630,protesters,8
631,tools,3
632,oligarchy,2
633,host,5
634,scolds,1
635,conway,2
636,treatment,1
637,flips,1
638,script,1
639,big,7
640,questio,1
641,brian,1
642,cloughley,1
643,greatest,2
644,achievement,3
645,engage,1
646,discussions,1
647,chin,1
648,repeatedly,2
649,warned,2
650,anthony,3
651,weiner,4
652,security,4
653,ris,1
654,vows,2
655,personal,1
656,spending,2
657,total,1
658,100mln,1
659,isnt,2
660,letting,2
661,hammers,1
662,pimping,1
663,campaignin,2
664,filipina,1
665,chef,1
666,paula,1
667,deen,1
668,mitch,1
669,jalandon,1
670,republican,9
671,protester,7
672,nearly,2
673,killed,5
674,ou,3
675,homeless,12
676,supporter,42
677,guards,2
678,blv,1
679,kicks,5
680,african,5
681,north,2
682,carolina,2
683,thu,2
684,congressmen,1
685,turned,1
686,radio,3
687,joe,3
688,walsh,2
689,recklessly,1
690,talks,2
691,muskets,1
692,riots,8
693,getting,5
694,control,3
695,shouting,1
696,kill,7
697,crowd,6
698,chants,3
699,better,2
700,11,8
701,dead,2
702,cops,2
703,police,6
704,officers,2
705,ambushed,1
706,weeken,1
707,classless,1
708,refuses,3
709,photo,4
710,op,1
711,welcome,3
712,revealed,5
713,sat,1
714,sex,5
715,misconduct,2
716,allegations,2
717,month,1
718,allows,1
719,sick,4
720,disgusting,2
721,liberal,9
722,tweets,6
723,rape,4
724,melani,1
725,engulf,1
726,msnbc,8
727,screws,1
728,interviews,1
729,destroy,4
730,negative,2
731,stereotyped,1
732,narrativ,2
733,intercept,2
734,outs,4
735,neocon,4
736,democrat,5
737,smear,4
738,puppet,1
739,eric,5
740,zuess,2
741,christian,5
742,evangelicals,1
743,save,6
744,allowed,3
745,isis,6
746,finally,4
747,plays,1
748,antiwar,1
749,card,2
750,littl,1
751,advocates,2
752,success,1
753,shocks,6
754,apparently,2
755,activated,1
756,reset,3
757,button,1
758,markets,4
759,panic,4
760,reopens,2
761,email,14
762,probe,3
763,harvey,1
764,orga,1
765,limbaugh,1
766,perfectly,1
767,sums,1
768,left,6
769,unwilling,1
770,face,8
771,wo,4
772,lol,3
773,listen,3
774,yoko,1
775,ono,1
776,primal,2
777,response,4
778,michael,10
779,moo,3
780,blow,1
781,f,11
782,elite,4
783,human,3
784,molotov,2
785,cocktai,2
786,psychic,1
787,words,1
788,year,9
789,ago,4
790,look,10
791,endorsed,6
792,wikileak,3
793,announces,7
794,massive,8
795,expansion,1
796,plans,4
797,nas,1
798,russian,16
799,experts,4
800,expect,2
801,suspect,2
802,post,5
803,seeks,2
804,pardon,3
805,hate,9
806,yuuuge,1
807,ohio,3
808,14,2
809,independents,3
810,wins,18
811,congressman,9
812,plan,10
813,loses,10
814,includes,3
815,muske,2
816,indirectly,1
817,helping,2
818,syri,4
819,sue,2
820,spokeswoman,1
821,slanders,1
822,angela,1
823,rye,1
824,tv,7
825,gets,13
826,smack,1
827,dow,4
828,ball,1
829,mexico,7
830,canada,3
831,say,8
832,willing,1
833,redo,1
834,nafta,2
835,speaker,1
836,hopes,2
837,dies,1
838,fiery,1
839,cras,2
840,secretary,5
841,bolton,2
842,advises,1
843,confront,1
844,embrace,1
845,foreve,2
846,salary,1
847,snowflake,1
848,colbert,2
849,want,7
850,write,1
851,jokes,2
852,trumpprotest,1
853,communists,2
854,mobilize,2
855,disrupt,1
856,elect,13
857,inauguratio,2
858,implodes,1
859,paid,9
860,insider,3
861,confesses,1
862,pre,1
863,stir,1
864,unres,1
865,exact,2
866,moment,3
867,paul,7
868,ryan,1
869,committed,1
870,suicide,2
871,rall,10
872,violently,1
873,harass,1
874,ranking,1
875,official,7
876,confirms,2
877,contact,1
878,queen,1
879,claims,10
880,70,3
881,years,6
882,prince,2
883,philip,1
884,perfect,3
885,preparation,1
886,pimp,1
887,old,12
888,girl,4
889,threat,5
890,witnesse,1
891,ok,1
892,truth,2
893,word,4
894,bigl,1
895,distrubing,1
896,video,22
897,sexually,3
898,assaulting,2
899,miss,5
900,universe,2
901,reports,2
902,officials,6
903,dismiss,2
904,concerns,1
905,ongoing,1
906,cbs4,1
907,fraud,10
908,investigation,9
909,finds,4
910,twic,1
911,shocking,4
912,nostradamus,2
913,rise,3
914,powe,5
915,literally,3
916,hurts,1
917,brain,1
918,read,1
919,economic,6
920,idiocy,1
921,emitted,1
922,trumpkins,1
923,libertaria,1
924,dramatically,2
925,secret,11
926,service,4
927,ensue,1
928,crushing,3
929,numbers,6
930,shocker,3
931,freefall,1
932,happening,3
933,unbelievabl,1
934,threatens,3
935,jail,2
936,clinto,9
937,stop,8
938,drinking,1
939,starbucks,1
940,wait,2
941,til,1
942,influential,2
943,journalist,3
944,nails,1
945,soon,2
946,means,3
947,stalemate,1
948,ter,3
949,class,2
950,touch,1
951,electorate,1
952,ron,2
953,pau,1
954,young,3
955,turks,1
956,utah,2
957,republicans,5
958,decade,1
959,era,2
960,unpredictability,1
961,await,1
962,number,4
963,accusers,2
964,grows,1
965,finland,3
966,assaul,3
967,dillary,1
968,trumplon,1
969,guy,2
970,rap,3
971,song,3
972,destroyed,7
973,hillar,13
974,argument,2
975,wors,1
976,tells,12
977,story,4
978,2016,7
979,aftermath,1
980,facing,1
981,fear,4
982,uncertaint,1
983,hotlines,1
984,record,7
985,phones,1
986,ringing,1
987,hoo,2
988,jr,4
989,thinks,4
990,moore,7
991,dad,1
992,hilariou,1
993,shameless,2
994,insults,2
995,instantly,1
996,regrets,1
997,decisio,1
998,invigorates,1
999,volk,1
1000,formulating,1
1001,einsatzgruppe,1
1002,reject,1
1003,divisive,3
1004,vision,3
1005,sees,3
1006,turnout,2
1007,vorbild,1
1008,afd,1
1009,fordert,1
1010,ebenfalls,1
1011,mauer,1
1012,grenze,1
1013,zu,1
1014,mexik,1
1015,blasts,3
1016,comey,3
1017,drops,3
1018,bombshell,5
1019,sitting,4
1020,inf,1
1021,civil,5
1022,long,2
1023,experiment,1
1024,audio,1
1025,wayne,1
1026,allen,2
1027,root,1
1028,revelation,1
1029,dnc,2
1030,lie,7
1031,convening,1
1032,grand,1
1033,jury,1
1034,trust,3
1035,surrogate,2
1036,bazinga,1
1037,point,9
1038,swing,4
1039,polls,11
1040,reopened,2
1041,crooked,4
1042,investigatio,5
1043,forget,2
1044,charade,1
1045,wake,1
1046,threats,2
1047,follow,3
1048,los,6
1049,gov,2
1050,weld,1
1051,encourges,1
1052,van,1
1053,jones,3
1054,reality,3
1055,seguir,1
1056,viviendo,1
1057,en,3
1058,su,1
1059,domicilio,1
1060,particular,1
1061,al,5
1062,considerar,1
1063,casa,2
1064,blanca,2
1065,es,1
1066,cuchitri,1
1067,syrian,3
1068,sewer,1
1069,eastern,7
1070,outloo,7
1071,emotionally,1
1072,king,2
1073,pissed,1
1074,blows,2
1075,embargo,1
1076,lashes,1
1077,ck,3
1078,maryland,3
1079,switched,3
1080,following,2
1081,hopefully,1
1082,soo,2
1083,farage,3
1084,act,3
1085,nearest,1
1086,domin,1
1087,tim,2
1088,bullies,1
1089,silent,1
1090,identified,2
1091,thing,4
1092,october,3
1093,explosive,2
1094,information,1
1095,conspiring,1
1096,puti,7
1097,coward,2
1098,repor,3
1099,got,9
1100,hit,4
1101,32,1
1102,million,9
1103,tax,1
1104,evasion,1
1105,lawsui,2
1106,fleeing,1
1107,optio,1
1108,vs,6
1109,prediction,3
1110,greg,1
1111,laden,1
1112,blog,2
1113,science,1
1114,technolog,1
1115,seeing,2
1116,run,5
1117,cor,1
1118,e,3
1119,du,3
1120,nord,1
1121,annonce,1
1122,avoir,2
1123,envoy,2
1124,balistique,1
1125,licitation,1
1126,m,18
1127,clintons,4
1128,consolidating,1
1129,apply,1
1130,administratio,2
1131,hating,1
1132,catatonic,1
1133,o,5
1134,reilly,1
1135,frau,2
1136,4,12
1137,losers,2
1138,stunning,3
1139,spikes,1
1140,pulling,1
1141,upset,2
1142,real,7
1143,shocke,2
1144,wall,11
1145,street,3
1146,sjws,1
1147,fail,1
1148,purple,1
1149,takeove,1
1150,americans,15
1151,deserve,3
1152,party,12
1153,kidding,1
1154,colleges,1
1155,students,5
1156,safe,2
1157,spaces,1
1158,threaten,2
1159,pro,8
1160,chalking,1
1161,accepts,1
1162,nomination,1
1163,domai,1
1164,stung,1
1165,used,3
1166,undocumented,2
1167,workers,2
1168,dc,5
1169,hote,4
1170,cabinet,3
1171,possibilitie,1
1172,rejects,2
1173,turncoats,1
1174,launches,1
1175,aleppo,2
1176,campaig,4
1177,able,2
1178,agree,1
1179,predictions,1
1180,predicte,1
1181,whispered,1
1182,hope,3
1183,ham,1
1184,motherfucker,1
1185,che,1
1186,mike,4
1187,pence,5
1188,fine,1
1189,assault,3
1190,offended,1
1191,suppressio,2
1192,considering,1
1193,military,3
1194,general,3
1195,vp,4
1196,marbleneclt,1
1197,britain,1
1198,hopeful,1
1199,falling,1
1200,dollar,3
1201,affordable,1
1202,marmit,1
1203,retired,1
1204,troop,1
1205,5,11
1206,advisors,1
1207,prove,3
1208,judge,4
1209,ordered,3
1210,rnc,1
1211,reveal,3
1212,pact,1
1213,mind,2
1214,blowing,2
1215,comments,2
1216,95,1
1217,90k,1
1218,rigge,1
1219,cancel,3
1220,guarantees,1
1221,malcolm,1
1222,x,1
1223,wasnt,1
1224,surpris,1
1225,steve,3
1226,bannon,3
1227,virulent,1
1228,semite,1
1229,ardent,1
1230,zionis,3
1231,cheating,2
1232,debates,1
1233,chanc,2
1234,protects,1
1235,violent,9
1236,leftist,1
1237,founding,1
1238,daes,1
1239,violence,3
1240,sweeps,2
1241,natio,1
1242,speculation,1
1243,promotes,2
1244,nsa,1
1245,boss,1
1246,rogers,1
1247,dni,1
1248,leaked,3
1249,brought,1
1250,knees,1
1251,proving,1
1252,admits,5
1253,stock,2
1254,average,2
1255,sets,2
1256,businessman,1
1257,vladimir,3
1258,ready,5
1259,rebuild,2
1260,changed,2
1261,datin,1
1262,congratulates,5
1263,restore,2
1264,relations,6
1265,invited,1
1266,thanksgiving,2
1267,baldwins,1
1268,referee,1
1269,feud,1
1270,vide,4
1271,reminders,1
1272,ignore,3
1273,doomed,1
1274,effect,2
1275,qaeda,1
1276,morale,1
1277,collapses,1
1278,western,1
1279,bombing,1
1280,orthodox,1
1281,rabbi,1
1282,supports,3
1283,devotes,1
1284,life,8
1285,countering,1
1286,dangerous,3
1287,defeated,1
1288,condescendingly,1
1289,mocks,1
1290,winner,2
1291,promise,5
1292,accused,2
1293,trumpe,1
1294,reward,1
1295,hawkishness,1
1296,uncertai,1
1297,edward,2
1298,snowden,3
1299,hom,1
1300,somebody,2
1301,kept,1
1302,driving,1
1303,revenge,1
1304,awesom,1
1305,uncovered,1
1306,server,3
1307,uses,6
1308,talk,1
1309,busted,8
1310,daddy,2
1311,started,1
1312,conversation,1
1313,birth,1
1314,certificate,1
1315,audi,2
1316,candidate,5
1317,special,4
1318,imploding,2
1319,rage,3
1320,twitte,2
1321,economy,3
1322,racism,2
1323,proo,1
1324,tolerate,2
1325,kkk,3
1326,offic,3
1327,huge,4
1328,crowds,2
1329,tiny,1
1330,wife,4
1331,mother,5
1332,daughter,6
1333,sister,1
1334,feminist,1
1335,issues,2
1336,statement,1
1337,sounds,3
1338,pleading,1
1339,redflag,2
1340,blowback,1
1341,journalists,1
1342,whine,1
1343,victimization,1
1344,turn,2
1345,presstitute,1
1346,medi,5
1347,evidence,2
1348,moscow,2
1349,otherwis,1
1350,ray,1
1351,worl,3
1352,rebuke,1
1353,rockets,1
1354,chart,1
1355,divergence,1
1356,lawsuits,3
1357,accuse,1
1358,intimidatio,2
1359,chicago,1
1360,strips,1
1361,honorary,1
1362,designatio,1
1363,haters,2
1364,boycott,1
1365,clothing,1
1366,line,1
1367,accuser,1
1368,discover,1
1369,vot,2
1370,mow,1
1371,signs,4
1372,famou,1
1373,fast,1
1374,cuts,5
1375,truthfully,1
1376,situatio,1
1377,knight,1
1378,destroys,5
1379,help,7
1380,lying,3
1381,slut,1
1382,hoaxer,2
1383,break,2
1384,things,8
1385,slave,2
1386,islan,2
1387,unleashes,1
1388,liar,2
1389,ashame,2
1390,british,1
1391,actor,2
1392,deliver,2
1393,wanted,2
1394,change,11
1395,2008,3
1396,grabbing,4
1397,musket,3
1398,final,4
1399,fla,2
1400,administration,2
1401,force,2
1402,peace,5
1403,james,2
1404,p,2
1405,pinkerto,1
1406,fact,4
1407,check,2
1408,cause,2
1409,ww3,3
1410,lasting,1
1411,stamp,1
1412,polic,4
1413,confirmed,4
1414,cares,3
1415,emails,1
1416,spontaneo,1
1417,wants,7
1418,peac,2
1419,conspiracy,3
1420,theories,1
1421,proven,1
1422,true,4
1423,ran,1
1424,ice,1
1425,cube,1
1426,loves,2
1427,hill,1
1428,called,6
1429,superpreditors,1
1430,bern,1
1431,whatve,1
1432,don,2
1433,cornell,1
1434,university,1
1435,holding,2
1436,ins,3
1437,mourn,1
1438,group,2
1439,pollsters,1
1440,abou,1
1441,worrying,1
1442,reactionarie,1
1443,scoundrel,1
1444,continues,4
1445,hot,3
1446,heav,1
1447,causing,1
1448,strange,2
1449,trumpet,1
1450,sky,1
1451,randy,1
1452,douglas,1
1453,mille,1
1454,bankrup,1
1455,hitle,1
1456,insane,2
1457,way,6
1458,dare,3
1459,restrain,1
1460,laughing,1
1461,stronger,1
1462,sho,2
1463,alt,6
1464,pawns,1
1465,gain,1
1466,disavowin,1
1467,disturbance,1
1468,ren,1
1469,men,2
1470,presidenc,5
1471,months,5
1472,days,5
1473,durably,1
1474,democratic,6
1475,county,1
1476,country,3
1477,settlements,2
1478,legal,2
1479,playing,2
1480,message,5
1481,mount,1
1482,zio,1
1483,denzel,1
1484,libs,3
1485,backing,1
1486,shredded,1
1487,bastard,1
1488,shifted,4
1489,significantly,4
1490,favo,4
1491,gains,2
1492,reaction,3
1493,meeting,6
1494,cking,1
1495,creep,2
1496,spanking,1
1497,para,1
1498,kazanma,1
1499,spie,1
1500,probably,1
1501,100,4
1502,overnight,1
1503,jim,1
1504,rickard,1
1505,dr,12
1506,expose,2
1507,vicious,1
1508,jewish,3
1509,establishmen,2
1510,disabled,3
1511,spin,1
1512,finding,1
1513,common,5
1514,ground,1
1515,muslim,7
1516,painted,2
1517,garage,1
1518,lakshmim,1
1519,allow,2
1520,pennsylvania,1
1521,cathy,1
1522,fitts,1
1523,converts,1
1524,best,2
1525,histor,2
1526,compares,1
1527,veterans,4
1528,explode,1
1529,saakashvili,1
1530,reveals,4
1531,friendship,1
1532,hitler,4
1533,describes,1
1534,love,2
1535,literal,1
1536,beatdow,1
1537,successful,1
1538,block,6
1539,fight,2
1540,bac,2
1541,19,2
1542,gave,8
1543,31k,1
1544,empi,1
1545,vie,1
1546,guilt,1
1547,hearing,1
1548,chant,1
1549,brutal,2
1550,yell,1
1551,burn,2
1552,truck,3
1553,fishing,1
1554,yr,2
1555,son,3
1556,bumper,1
1557,sticker,1
1558,whines,1
1559,heads,2
1560,waterboar,1
1561,comes,3
1562,haunt,1
1563,century,4
1564,internet,3
1565,viral,2
1566,approximately,1
1567,bikers,2
1568,defending,2
1569,dresses,1
1570,fake,5
1571,networks,1
1572,arab,3
1573,taking,6
1574,cdc,2
1575,scientist,1
1576,vaccines,1
1577,autis,1
1578,desperate,3
1579,implosion,1
1580,insiders,2
1581,report,9
1582,bunker,1
1583,himsel,2
1584,director,4
1585,admitted,2
1586,scare,2
1587,tactic,3
1588,needs,3
1589,commanding,1
1590,neighbor,1
1591,arrest,2
1592,wearing,3
1593,deplorable,4
1594,shirt,4
1595,terr,1
1596,planning,4
1597,mob,4
1598,attacks,5
1599,michiga,2
1600,minute,2
1601,millions,4
1602,pour,3
1603,donors,2
1604,surges,1
1605,mainstream,3
1606,ignoring,1
1607,75,1
1608,focus,2
1609,screams,1
1610,semitic,1
1611,slurs,1
1612,brands,1
1613,enem,1
1614,milo,1
1615,dartmouth,1
1616,correctnes,2
1617,nightmare,4
1618,10,7
1619,ruin,1
1620,everythin,1
1621,great,5
1622,whistle,1
1623,twee,2
1624,funniest,1
1625,ll,6
1626,se,3
1627,beat,1
1628,trick,1
1629,agent,2
1630,bosses,1
1631,antichrist,1
1632,historischer,1
1633,erfolg,1
1634,zieht,1
1635,als,1
1636,erster,1
1637,clown,1
1638,wei,1
1639,haus,1
1640,ei,1
1641,attacked,5
1642,zombie,1
1643,184,4
1644,generals,4
1645,admirals,4
1646,endorse,6
1647,tonya,1
1648,parnel,1
1649,opens,3
1650,limo,1
1651,door,5
1652,spotted,2
1653,horrible,3
1654,jill,2
1655,stei,1
1656,dml,1
1657,provides,1
1658,analysis,1
1659,attorney,3
1660,jeff,1
1661,sessions,1
1662,louis,2
1663,farrakhan,1
1664,islam,4
1665,agrees,1
1666,extreme,2
1667,vetting,1
1668,immigrant,1
1669,tossed,1
1670,going,11
1671,online,3
1672,confirm,1
1673,counted,1
1674,vita,1
1675,quick,1
1676,primer,2
1677,elit,1
1678,historic,4
1679,mandate,1
1680,concede,2
1681,answer,3
1682,fundraising,2
1683,events,1
1684,try,3
1685,create,1
1686,poor,2
1687,kids,2
1688,20k,2
1689,use,1
1690,golf,1
1691,course,1
1692,fundraiser,1
1693,sponsore,1
1694,illegal,4
1695,shouts,1
1696,california,1
1697,supremacy,1
1698,elected,10
1699,takes,9
1700,battleground,2
1701,florid,5
1702,stacked,1
1703,dec,1
1704,dates,1
1705,train,1
1706,outsid,1
1707,wow,4
1708,pervert,1
1709,lookou,4
1710,tuesday,1
1711,slattery,3
1712,shoa,1
1713,explains,4
1714,relate,1
1715,officially,1
1716,lays,1
1717,skeptics,1
1718,wron,2
1719,doom,1
1720,sayers,1
1721,ben,1
1722,shapiro,1
1723,oliver,1
1724,abortion,1
1725,noun,1
1726,verb,1
1727,rubio,1
1728,seize,1
1729,murphy,1
1730,surprise,6
1731,abc,2
1732,uncovers,2
1733,payments,1
1734,followers,1
1735,times,11
1736,ensure,1
1737,race,4
1738,rigged,15
1739,ba,2
1740,files,1
1741,complaint,1
1742,interfering,1
1743,kellyanne,1
1744,jake,2
1745,tapper,2
1746,bigoted,1
1747,hats,1
1748,shirts,1
1749,blacks,8
1750,rejoice,3
1751,yo,1
1752,kgb,1
1753,sp,1
1754,plagiarized,1
1755,ridiculous,2
1756,source,1
1757,possibl,1
1758,offers,2
1759,discount,1
1760,horse,1
1761,semen,1
1762,creates,1
1763,mountains,1
1764,salt,1
1765,butthurt,2
1766,hags,1
1767,slapped,1
1768,justic,3
1769,pisses,1
1770,jon,1
1771,stewart,1
1772,beatdown,1
1773,leave,7
1774,program,2
1775,rough,1
1776,realit,2
1777,unfolds,1
1778,liv,1
1779,child,3
1780,canceled,1
1781,death,2
1782,employees,1
1783,crying,2
1784,hallways,1
1785,bored,1
1786,donaldbreau,1
1787,erb,1
1788,breaks,4
1789,chains,1
1790,downfall,1
1791,caused,2
1792,huma,1
1793,abedin,1
1794,ag,1
1795,whistleblower,1
1796,chilling,2
1797,readies,1
1798,lawsuit,3
1799,fl,2
1800,sec,1
1801,critical,2
1802,distric,1
1803,amish,1
1804,commit,2
1805,mathematically,1
1806,guaranteeing,1
1807,tighten,1
1808,percent,2
1809,week,4
1810,does,5
1811,mean,3
1812,countercurrents,1
1813,speec,4
1814,deserved,2
1815,lock,2
1816,cn,1
1817,prospects,1
1818,improv,1
1819,kremlin,1
1820,work,5
1821,issue,1
1822,presstitutes,1
1823,teeth,1
1824,throat,1
1825,reuters,1
1826,vandalized,2
1827,defense,4
1828,access,1
1829,tape,3
1830,blame,3
1831,microphon,1
1832,chie,2
1833,establishment,3
1834,appoint,2
1835,goldman,2
1836,sachs,1
1837,outcome,1
1838,advanc,1
1839,democrats,11
1840,electe,7
1841,hiding,1
1842,vindicated,1
1843,operation,1
1844,cultivate,1
1845,rowe,1
1846,schools,2
1847,hamilton,1
1848,cast,1
1849,lecturing,1
1850,notes,1
1851,tilt,1
1852,decisively,1
1853,hispanic,2
1854,lara,1
1855,implies,1
1856,letter,5
1857,politically,1
1858,motivated,1
1859,forced,1
1860,trolls,2
1861,spilled,1
1862,beans,1
1863,samantha,2
1864,boom,2
1865,math,2
1866,beaten,5
1867,romney,3
1868,classmate,2
1869,horrific,1
1870,dor,1
1871,note,1
1872,sure,2
1873,ve,5
1874,choice,2
1875,oligarch,4
1876,obamacare,4
1877,passe,1
1878,mistake,2
1879,catch,2
1880,racis,4
1881,bush,6
1882,buying,2
1883,property,2
1884,non,4
1885,extradition,2
1886,communicated,1
1887,deplorables,2
1888,escaped,1
1889,basket,1
1890,injuring,1
1891,worker,3
1892,texa,3
1893,alert,3
1894,artificial,2
1895,intelligence,2
1896,jumps,2
1897,shark,1
1898,theor,1
1899,proved,2
1900,wrong,2
1901,ardently,1
1902,pray,2
1903,pulls,2
1904,gun,3
1905,station,1
1906,refusing,2
1907,arreste,2
1908,follows,2
1909,nailed,1
1910,male,1
1911,encourages,1
1912,armed,2
1913,revolt,2
1914,escape,1
1915,8,3
1916,billion,2
1917,money,5
1918,transfer,1
1919,qata,1
1920,syste,2
1921,ford,4
1922,ceo,2
1923,plant,1
1924,mexic,3
1925,decades,1
1926,donates,1
1927,charities,1
1928,bulls,1
1929,ivana,2
1930,changes,2
1931,brilliantly,2
1932,forcing,1
1933,broke,1
1934,spend,1
1935,arizon,1
1936,assemble,1
1937,army,2
1938,contest,2
1939,result,2
1940,306,2
1941,michigan,4
1942,finishes,1
1943,counting,3
1944,certifies,1
1945,sued,4
1946,intimidate,3
1947,minority,1
1948,resentments,1
1949,represent,1
1950,solid,1
1951,concedes,2
1952,quietly,1
1953,nigh,1
1954,philippines,1
1955,voids,1
1956,building,2
1957,permit,1
1958,makati,1
1959,city,1
1960,shirley,1
1961,barnet,1
1962,praises,1
1963,hollyweirdos,1
1964,bookoobal,1
1965,deploy,1
1966,speeches,1
1967,giuliani,3
1968,nytimes,1
1969,editor,1
1970,defends,2
1971,paper,2
1972,coverage,2
1973,bad,4
1974,democrac,1
1975,eyes,1
1976,ovala,1
1977,office,3
1978,barack,1
1979,trending,1
1980,brushed,1
1981,came,2
1982,tru,1
1983,protecting,4
1984,sta,2
1985,flip,1
1986,sean,2
1987,hannity,2
1988,cool,1
1989,completely,1
1990,movemen,1
1991,stump,1
1992,admire,1
1993,beautiful,2
1994,mas,1
1995,aware,1
1996,chess,1
1997,board,1
1998,considerin,1
1999,celebrities,3
2000,unleash,2
2001,vulgar,1
2002,defeat,2
2003,rya,1
2004,restraining,1
2005,robot,1
2006,mistakes,1
2007,marine,1
2008,thug,4
2009,trouble,1
2010,rightwing,1
2011,statis,1
2012,shuts,1
2013,glad,1
2014,triggered,2
2015,lefty,1
2016,tries,2
2017,dose,1
2018,enforce,1
2019,authorization,1
2020,detaining,1
2021,indefinitely,1
2022,trial,1
2023,domestic,1
2024,voted,2
2025,gon,2
2026,na,1
2027,pay,4
2028,sh,1
2029,attempted,1
2030,receives,3
2031,bay,1
2032,pigs,1
2033,association,1
2034,endorsement,1
2035,breitbar,2
2036,49,1
2037,trumpland,1
2038,atmosphere,1
2039,spurred,1
2040,leaking,1
2041,sources,1
2042,sa,2
2043,appoints,2
2044,angry,2
2045,racist,2
2046,coffee,1
2047,mug,1
2048,transition,5
2049,tea,2
2050,celebrity,1
2051,freak,1
2052,politician,1
2053,talked,1
2054,pas,2
2055,ferrell,1
2056,listens,1
2057,carefully,1
2058,aryan,1
2059,websit,1
2060,lord,1
2061,voldemort,1
2062,staf,2
2063,franklin,1
2064,graham,2
2065,understand,1
2066,god,3
2067,factor,1
2068,east,1
2069,turns,1
2070,investigators,1
2071,dragged,1
2072,brutally,1
2073,robbed,1
2074,gang,1
2075,cyberbullying,1
2076,forgets,1
2077,married,1
2078,updated,1
2079,scandal,1
2080,opposing,1
2081,offguardia,1
2082,electors,3
2083,persuade,1
2084,abandon,1
2085,early,6
2086,pide,1
2087,encadenen,1
2088,tano,1
2089,durante,1
2090,superlun,1
2091,complete,2
2092,questions,1
2093,dn,1
2094,destruction,2
2095,clear,2
2096,oil,2
2097,pipeline,2
2098,gifts,1
2099,idah,1
2100,professo,1
2101,jack,1
2102,box,1
2103,chang,3
2104,looming,1
2105,depressing,2
2106,realities,2
2107,inheri,2
2108,ukrainian,1
2109,politicians,2
2110,scramble,1
2111,delete,2
2112,posts,4
2113,fort,1
2114,rus,1
2115,rep,1
2116,targeting,1
2117,suburban,1
2118,vandal,2
2119,setting,1
2120,masterful,1
2121,self,2
2122,destruc,1
2123,protest,7
2124,feed,1
2125,streets,1
2126,proposes,2
2127,canceling,1
2128,communities,1
2129,ghettos,1
2130,teach,1
2131,mosul,1
2132,prophecy,1
2133,shaking,2
2134,sparks,1
2135,fly,1
2136,meet,6
2137,greens,1
2138,question,3
2139,peacenik,1
2140,catches,2
2141,snuck,1
2142,priceless,1
2143,respons,2
2144,palestinian,2
2145,keeps,1
2146,embassy,3
2147,begin,1
2148,rese,1
2149,ap,2
2150,worked,2
2151,illegally,2
2152,immigran,1
2153,advisor,2
2154,supremacist,3
2155,wing,1
2156,commentator,1
2157,chris,4
2158,mathews,1
2159,social,2
2160,conservatives,1
2161,ligh,1
2162,urgent,1
2163,sickest,1
2164,crime,3
2165,rushes,1
2166,offstage,1
2167,nevada,3
2168,uk,2
2169,kate,1
2170,quee,1
2171,camp,3
2172,cam,1
2173,bragging,1
2174,freedom,1
2175,rider,1
2176,gallup,1
2177,confident,1
2178,plane,2
2179,slides,2
2180,runway,2
2181,york,5
2182,airpor,1
2183,marais,1
2184,feu,1
2185,vid,1
2186,partying,2
2187,bff,1
2188,jesuit,2
2189,gal,2
2190,pushing,1
2191,comeback,1
2192,stor,1
2193,celebrit,1
2194,proposed,1
2195,student,3
2196,loan,1
2197,fumin,1
2198,scissors,1
2199,cut,2
2200,ribbon,1
2201,c,1
2202,lindsey,1
2203,ted,1
2204,cruz,1
2205,supreme,1
2206,court,3
2207,benc,1
2208,opponents,1
2209,normal,1
2210,craig,4
2211,robert,5
2212,nc,1
2213,hangs,1
2214,effigy,1
2215,deserves,1
2216,priso,1
2217,urge,1
2218,750,2
2219,immigrants,2
2220,bringing,1
2221,obamas,1
2222,bushes,1
2223,seek,1
2224,refuge,1
2225,countries,3
2226,extradite,1
2227,marlen,1
2228,moving,3
2229,tel,1
2230,aviv,1
2231,trigger,2
2232,psalm,1
2233,83,1
2234,wa,5
2235,stab,1
2236,badass,2
2237,patriot,1
2238,thieves,1
2239,stole,1
2240,sig,2
2241,rousing,1
2242,brick,2
2243,told,4
2244,build,6
2245,tomi,1
2246,lahren,1
2247,code,1
2248,red,2
2249,checker,1
2250,lies,3
2251,20,2
2252,37,1
2253,roger,1
2254,stone,1
2255,intimidation,2
2256,helped,2
2257,databas,1
2258,memo,3
2259,slash,1
2260,payroll,1
2261,taxes,3
2262,income,3
2263,offer,1
2264,diverse,1
2265,scenario,1
2266,thugs,1
2267,failed,3
2268,connect,1
2269,iraqi,1
2270,christians,1
2271,hold,1
2272,mass,3
2273,pin,1
2274,drop,1
2275,kidnapped,1
2276,dream,2
2277,bi,1
2278,molodets,1
2279,mcfaul,1
2280,michelle,4
2281,runs,1
2282,nasty,3
2283,mouth,1
2284,karma,1
2285,smacks,1
2286,fac,1
2287,famil,1
2288,suspiciously,1
2289,helps,1
2290,arizona,3
2291,push,2
2292,stalled,1
2293,ny,5
2294,threatening,3
2295,richard,1
2296,johnso,1
2297,intensifies,1
2298,unrest,1
2299,resist,2
2300,closed,2
2301,steps,2
2302,oppose,1
2303,hints,1
2304,second,2
2305,blamed,1
2306,adviser,3
2307,illega,1
2308,minnesota,1
2309,suffered,1
2310,accepting,1
2311,refugee,1
2312,immediately,2
2313,vira,1
2314,effing,1
2315,wal,2
2316,2020,1
2317,rematc,1
2318,grab,1
2319,ss,1
2320,henningsen,1
2321,similar,1
2322,revolutions,1
2323,abroa,1
2324,brad,1
2325,pitt,1
2326,tired,3
2327,executed,1
2328,attention,2
2329,changer,1
2330,cas,2
2331,stuck,1
2332,kain,1
2333,meltdown,1
2334,counseling,1
2335,therapy,1
2336,dogs,2
2337,poetr,1
2338,urban,1
2339,revitalization,1
2340,counter,1
2341,concer,1
2342,russell,1
2343,brand,2
2344,german,1
2345,minister,2
2346,stay,1
2347,away,2
2348,agai,2
2349,christie,1
2350,imag,2
2351,church,2
2352,burned,1
2353,spray,1
2354,mixtape,1
2355,collectio,1
2356,mess,1
2357,sweetheart,1
2358,flat,2
2359,brok,1
2360,1990,1
2361,comic,1
2362,rips,1
2363,private,1
2364,honchos,1
2365,good,1
2366,recount,1
2367,key,3
2368,independenc,1
2369,dark,1
2370,behavior,1
2371,adolf,1
2372,similarities,1
2373,outcom,1
2374,rachel,2
2375,maddow,2
2376,declares,4
2377,radical,1
2378,effects,1
2379,chosen,2
2380,profession,1
2381,anonymou,1
2382,went,1
2383,jeffrey,1
2384,epstein,1
2385,storm,1
2386,elites,4
2387,ther,1
2388,account,1
2389,episode,1
2390,24,1
2391,reopening,3
2392,9,5
2393,reversing,1
2394,rome,1
2395,bid,2
2396,stewar,1
2397,rises,1
2398,senate,1
2399,prepares,3
2400,worst,4
2401,damage,2
2402,janet,1
2403,yellen,1
2404,interviewing,1
2405,recommended,1
2406,cli,1
2407,exposes,1
2408,agents,1
2409,turk,1
2410,faces,2
2411,different,2
2412,ronald,1
2413,reagan,1
2414,mein,1
2415,trumpf,1
2416,storms,1
2417,hous,6
2418,friends,1
2419,clevelander,1
2420,rallies,2
2421,magafee,3
2422,preparing,1
2423,scrambling,1
2424,experience,1
2425,dignity,1
2426,cities,1
2427,protect,1
2428,threatened,3
2429,trumpis,1
2430,mccain,3
2431,mitt,2
2432,candidat,1
2433,housing,1
2434,discrimination,1
2435,shady,1
2436,prosecute,4
2437,concessio,1
2438,outspends,1
2439,spot,1
2440,gutless,1
2441,cowar,1
2442,saved,1
2443,sake,1
2444,actually,1
2445,target,2
2446,darkest,1
2447,sid,1
2448,crushes,1
2449,foolish,1
2450,mark,3
2451,collett,2
2452,victories,1
2453,politics,2
2454,infowarriors,1
2455,short,4
2456,absolutely,2
2457,heroic,1
2458,effor,1
2459,expert,2
2460,poroshenko,1
2461,saakashvil,1
2462,axed,1
2463,ai,2
2464,dumbest,2
2465,disobedience,1
2466,credit,1
2467,maybe,1
2468,bit,1
2469,simpsons,1
2470,react,1
2471,happ,1
2472,lawyer,1
2473,filing,1
2474,bs,1
2475,mannin,1
2476,pres,1
2477,ruthlessly,1
2478,grounds,1
2479,idiot,3
2480,exactly,1
2481,thi,1
2482,opportunity,2
2483,tell,1
2484,fuck,1
2485,possibly,2
2486,losing,2
2487,opposit,1
2488,respected,1
2489,moyers,1
2490,profile,1
2491,flee,1
2492,penn,1
2493,suepennontwitt,1
2494,fearless,1
2495,guarding,3
2496,rancher,1
2497,yearns,1
2498,borde,1
2499,checks,1
2500,hell,1
2501,li,1
2502,horrified,1
2503,spy,2
2504,cultivating,1
2505,affairs,1
2506,confronts,1
2507,populis,1
2508,ignored,2
2509,profit,1
2510,secretly,2
2511,banked,2
2512,populist,1
2513,uprisin,1
2514,ibd,1
2515,tipp,1
2516,tracking,2
2517,leads,3
2518,43,1
2519,suppor,3
2520,deportations,1
2521,criminal,2
2522,pussy,2
2523,kanye,2
2524,tour,1
2525,cancelled,1
2526,rants,1
2527,update,2
2528,hospitalize,1
2529,blocks,1
2530,buses,1
2531,agitators,1
2532,tap,1
2533,ways,2
2534,distractions,1
2535,guardian,3
2536,voic,3
2537,targets,1
2538,financial,2
2539,playmate,1
2540,150,1
2541,hush,1
2542,hide,1
2543,affai,1
2544,cringe,1
2545,watching,1
2546,humiliate,1
2547,reveng,2
2548,eowy,2
2549,assembled,1
2550,file,2
2551,indicted,1
2552,responds,2
2553,lady,3
2554,gaga,1
2555,towe,1
2556,scary,1
2557,ghosts,1
2558,replaced,1
2559,jimmy,1
2560,kimmel,1
2561,children,4
2562,parod,1
2563,convocar,1
2564,ma,3
2565,ana,1
2566,mismo,1
2567,las,1
2568,elecciones,1
2569,primera,1
2570,dam,1
2571,foundation,2
2572,pork,1
2573,kosher,2
2574,mag,1
2575,er,2
2576,doesnt,2
2577,temperament,1
2578,scar,1
2579,cnbc,2
2580,confronting,1
2581,broken,2
2582,pushes,1
2583,traffic,1
2584,savage,2
2585,lament,1
2586,bbc,1
2587,newsnigh,1
2588,libertynews,1
2589,projection,1
2590,map,2
2591,259,1
2592,trashes,1
2593,murdoch,1
2594,replacements,1
2595,availabl,1
2596,wrote,1
2597,casual,1
2598,results,4
2599,appear,2
2600,favor,1
2601,boycottcomedian,1
2602,deniro,1
2603,punch,2
2604,rioters,1
2605,movi,1
2606,moby,1
2607,passionate,1
2608,dictator,1
2609,gma,1
2610,expression,1
2611,legalize,1
2612,marijuana,1
2613,let,3
2614,stand,2
2615,fooling,1
2616,messiah,2
2617,chairwoman,1
2618,shreds,1
2619,spokesma,1
2620,ucla,1
2621,prof,1
2622,poop,1
2623,dilbert,3
2624,creator,2
2625,scott,2
2626,adams,2
2627,endorses,4
2628,bull,1
2629,libertarian,3
2630,tacitly,1
2631,8th,1
2632,spring,1
2633,reaches,2
2634,zenith,1
2635,heathen,1
2636,hatred,2
2637,libert,1
2638,deadbeating,1
2639,debts,1
2640,pollste,1
2641,blames,4
2642,recent,1
2643,crimes,2
2644,pledges,1
2645,10m,1
2646,oppositio,1
2647,nervous,1
2648,breakdown,2
2649,fails,1
2650,evan,1
2651,mcmullin,1
2652,goal,2
2653,fo,2
2654,flashback,1
2655,strateg,1
2656,gambling,1
2657,unknowable,1
2658,worthy,2
2659,firs,1
2660,financially,1
2661,scamming,1
2662,freefal,1
2663,hair,1
2664,vomiting,1
2665,anxiet,1
2666,approache,1
2667,brexit,5
2668,globalism,1
2669,anywa,1
2670,afric,1
2671,ask,1
2672,ballot,2
2673,stations,1
2674,switch,1
2675,smiles,1
2676,waves,2
2677,starts,3
2678,rounding,1
2679,lawye,1
2680,attempt,3
2681,cookie,1
2682,person,3
2683,univision,1
2684,tequila,1
2685,birthday,1
2686,cake,1
2687,practices,1
2688,spanish,1
2689,dances,1
2690,salsa,1
2691,home,3
2692,crush,1
2693,arms,1
2694,pic,2
2695,sc,1
2696,nikki,1
2697,haley,1
2698,opeds,1
2699,zuesse,1
2700,34,1
2701,shameful,1
2702,legacy,2
2703,viciously,2
2704,rigging,2
2705,departure,1
2706,feel,1
2707,optimism,2
2708,arriva,1
2709,details,1
2710,gaffe,1
2711,worse,3
2712,behin,1
2713,collapse,3
2714,futures,1
2715,nevertrump,1
2716,180,1
2717,brilliant,1
2718,case,2
2719,hater,2
2720,happened,2
2721,countr,2
2722,demolishes,1
2723,anchor,1
2724,awakenin,1
2725,neo,1
2726,cons,1
2727,libertarians,1
2728,dankof,2
2729,discuss,1
2730,magnificent,1
2731,warmongers,1
2732,whiteness,1
2733,skin,1
2734,colo,1
2735,devastating,3
2736,vomi,1
2737,canadian,1
2738,website,1
2739,crashes,1
2740,hear,1
2741,syria,5
2742,thre,1
2743,apocalypse,1
2744,warn,1
2745,pig,2
2746,morbidly,1
2747,obese,1
2748,tattooed,1
2749,model,3
2750,square,1
2751,bare,1
2752,naked,1
2753,isla,1
2754,link,4
2755,dirty,2
2756,blackmails,1
2757,montel,1
2758,print,1
2759,addres,1
2760,smacked,1
2761,knocked,1
2762,floor,1
2763,bee,1
2764,k,3
2765,dauphin,1
2766,breitbartista,1
2767,peaceful,2
2768,assassinating,1
2769,poste,1
2770,khans,1
2771,eu,2
2772,disputes,1
2773,upend,1
2774,disney,1
2775,add,1
2776,clickhol,1
2777,hustle,1
2778,hofstra,1
2779,alternate,1
2780,narrative,1
2781,jordanian,1
2782,bedouin,1
2783,poet,1
2784,tiffany,1
2785,asks,4
2786,wear,1
2787,burk,1
2788,econom,1
2789,sur,1
2790,licite,1
2791,lui,1
2792,deux,1
2793,reprises,1
2794,tear,1
2795,35,1
2796,panics,1
2797,28,1
2798,gofundme,1
2799,torched,1
2800,shatters,1
2801,reflation,1
2802,trade,2
2803,chump,1
2804,releases,1
2805,blas,1
2806,pardons,1
2807,honored,1
2808,serve,1
2809,agricultur,1
2810,corrupt,2
2811,unfortunatel,1
2812,gy,1
2813,stephen,2
2814,fat,2
2815,come,5
2816,legall,1
2817,bossie,1
2818,enthusiasm,1
2819,avoids,1
2820,facts,1
2821,wind,1
2822,bird,1
2823,stake,1
2824,nullify,1
2825,pointing,2
2826,fingers,1
2827,arrested,4
2828,abusing,1
2829,trumped,2
2830,outlet,1
2831,bloomberg,1
2832,beating,2
2833,breed,1
2834,actors,1
2835,muster,1
2836,courage,1
2837,catcall,1
2838,disqualification,1
2839,moralmatters,1
2840,photoshops,1
2841,bald,1
2842,stretched,1
2843,wide,1
2844,recognize,1
2845,divine,1
2846,intervention,1
2847,dan,1
2848,misogyny,1
2849,gay,4
2850,b,2
2851,hack,1
2852,plus,1
2853,size,1
2854,tess,1
2855,holliday,1
2856,dons,1
2857,fashion,1
2858,goldbu,1
2859,movie,1
2860,toda,1
2861,fantastic,1
2862,reform,2
2863,healthcare,1
2864,bombshel,1
2865,scream,1
2866,icke,1
2867,resul,1
2868,sworn,1
2869,secrecy,1
2870,faked,1
2871,moon,1
2872,landings,1
2873,prices,1
2874,grow,1
2875,trashe,1
2876,draintheswamp,1
2877,trumppledg,1
2878,designated,1
2879,cair,1
2880,demands,1
2881,graffiti,1
2882,mosque,1
2883,compilation,1
2884,pundits,2
2885,insist,1
2886,assassinated,1
2887,ye,1
2888,plot,1
2889,fellowship,1
2890,minds,1
2891,kommonsentsjan,1
2892,surging,1
2893,wipes,1
2894,developmen,1
2895,fool,1
2896,ditch,1
2897,sca,1
2898,miracle,1
2899,alex,1
2900,deat,1
2901,latino,1
2902,communitie,1
2903,deep,1
2904,truths,1
2905,g,1
2906,mexicans,1
2907,feet,1
2908,hig,1
2909,hung,1
2910,dummies,1
2911,tree,1
2912,yar,1
2913,relation,1
2914,prepar,1
2915,destruct,1
2916,norpoth,1
2917,radikale,1
2918,vorhaben,1
2919,die,1
2920,sofort,1
2921,nach,1
2922,amtsantritt,1
2923,durchsetzen,1
2924,aclu,1
2925,page,1
2926,meaning,1
2927,paypal,1
2928,founder,1
2929,intolerant,1
2930,pentagon,2
2931,di,1
2932,guru,1
2933,balkans,1
2934,protesting,1
2935,rapis,1
2936,taunts,1
2937,seeking,1
2938,mission,2
2939,impossible,1
2940,registration,1
2941,tuesda,1
2942,weapons,1
2943,hotspots,1
2944,test,1
2945,trigge,1
2946,neocons,1
2947,criminals,1
2948,bankers,2
2949,corbett,1
2950,alec,1
2951,baldwin,1
2952,impression,1
2953,unfair,1
2954,portraying,3
2955,nast,1
2956,saying,3
2957,90,1
2958,seconds,2
2959,proudly,1
2960,insulted,1
2961,loss,3
2962,pope,1
2963,francis,1
2964,backhanded,1
2965,swipe,1
2966,raise,1
2967,walls,1
2968,label,1
2969,peopl,3
2970,presstv,2
2971,minoritie,1
2972,chillin,2
2973,misse,1
2974,disrespects,1
2975,gettysburg,1
2976,address,1
2977,orde,2
2978,release,1
2979,outperforms,1
2980,romne,1
2981,knife,1
2982,figh,1
2983,netanyahu,3
2984,scuttles,1
2985,rapprochement,1
2986,banishment,1
2987,begun,1
2988,tuning,1
2989,avoid,1
2990,paying,1
2991,taxe,1
2992,keeping,1
2993,cutting,1
2994,repealing,1
2995,obamacar,2
2996,proble,1
2997,ideology,1
2998,hides,1
2999,notion,1
3000,religio,1
3001,terroris,1
3002,stunnin,1
3003,kikes,1
3004,91,1
3005,negativ,1
3006,vicu,1
3007,portrays,1
3008,emperor,1
3009,clothes,1
3010,spokesperson,1
3011,katrina,1
3012,pierson,1
3013,blatant,1
3014,friend,1
3015,likud,1
3016,pols,1
3017,hood,1
3018,thrones,1
3019,author,1
3020,ripped,1
3021,gropes,1
3022,humiliates,1
3023,aims,1
3024,adjust,1
3025,presidente,1
3026,naranja,1
3027,estados,1
3028,unido,1
3029,maga,1
3030,mania,1
3031,motor,1
3032,company,1
3033,misterdaw,1
3034,daughte,1
3035,humiliating,2
3036,skittles,1
3037,candy,1
3038,comparing,1
3039,infiltrator,1
3040,alien,1
3041,causes,1
3042,61,1
3043,deported,1
3044,pisse,1
3045,blasted,1
3046,smearing,1
3047,gotten,1
3048,leaves,1
3049,horcruxe,1
3050,shifts,2
3051,production,2
3052,ohi,1
3053,dumped,1
3054,supermodel,1
3055,gisele,1
3056,ndche,1
3057,moments,1
3058,wolf,1
3059,blitzer,1
3060,career,1
3061,sledgehammer,1
3062,farren,1
3063,shoaf,1
3064,countdown,1
3065,primary,1
3066,send,2
3067,senat,1
3068,lance,1
3069,boi,1
3070,inauguration,1
3071,saudi,1
3072,arabia,1
3073,blocking,1
3074,imports,1
3075,deutsche,1
3076,bank,1
3077,lean,1
3078,justice,1
3079,departmen,1
3080,pace,1
3081,reach,2
3082,goals,3
3083,neomasculinity,2
3084,movement,2
3085,phone,2
3086,view,1
3087,progress,2
3088,bryan,1
3089,cranston,1
3090,hollyweird,1
3091,names,2
3092,floated,1
3093,undermine,1
3094,dangerou,2
3095,methepeopl,2
3096,nato,2
3097,invites,1
3098,excited,1
3099,prime,1
3100,benjamin,1
3101,visi,1
3102,suffers,1
3103,bizarre,1
3104,memory,1
3105,disorder,1
3106,opposed,1
3107,crowning,1
3108,accomplished,1
3109,lifelong,1
3110,kicking,1
3111,powerful,2
3112,inevitabl,1
3113,noam,2
3114,chomsky,1
3115,danger,1
3116,anger,1
3117,chomsk,1
3118,fumbles,1
3119,central,1
3120,banking,1
3121,criticis,1
3122,matthews,1
3123,alarm,1
3124,searching,1
3125,fam,1
3126,rude,2
3127,rights,1
3128,icon,1
3129,hawks,1
3130,ira,1
3131,deport,2
3132,native,1
3133,fahrenthold,1
3134,strikes,1
3135,exposing,1
3136,false,1
3137,philanthrop,1
3138,legend,1
3139,art,2
3140,cashin,1
3141,depression,1
3142,pani,1
3143,murder,1
3144,broad,1
3145,daylight,1
3146,youtube,1
3147,channel,1
3148,combat,1
3149,gender,1
3150,confusio,1
3151,blue,1
3152,visio,1
3153,seth,2
3154,meyers,2
3155,difference,1
3156,cave,1
3157,ahead,3
3158,renegotiate,1
3159,arkansas,1
3160,sues,1
3161,trumpto,1
3162,mock,2
3163,trumpes,1
3164,european,1
3165,brigade,1
3166,fires,1
3167,staffers,1
3168,shap,1
3169,poised,2
3170,76,1
3171,multiple,1
3172,nightmar,1
3173,remember,2
3174,challenged,1
3175,accepte,1
3176,erupts,2
3177,laughte,1
3178,showed,1
3179,pics,1
3180,construir,1
3181,muro,1
3182,alrededor,1
3183,cada,1
3184,mexican,1
3185,appointed,1
3186,cloaked,1
3187,fix,2
3188,disaster,1
3189,heralds,1
3190,der,1
3191,miley,1
3192,cyrus,1
3193,nuke,1
3194,wwiii,1
3195,wt,1
3196,shir,1
3197,uprising,1
3198,macy,1
3199,backfires,2
3200,30,2
3201,irate,1
3202,customers,1
3203,cards,2
3204,meets,1
3205,boy,1
3206,wheelchair,1
3207,removed,1
3208,survive,2
3209,footsteps,1
3210,whistles,2
3211,intrepid,1
3212,trut,1
3213,yawn,1
3214,topless,1
3215,statio,1
3216,deny,2
3217,teaches,1
3218,correctl,1
3219,nazi,1
3220,thought,2
3221,editors,1
3222,quit,1
3223,zuckerberg,1
3224,ban,1
3225,cartoonist,1
3226,hypnotist,1
3227,2015,1
3228,health,2
3229,trumprolle,1
3230,fierce,1
3231,vandals,1
3232,flashes,2
3233,cult,1
3234,member,1
3235,devi,1
3236,remind,1
3237,existent,1
3238,mandat,1
3239,savchenko,1
3240,begs,3
3241,strengthen,1
3242,sanction,1
3243,dollars,1
3244,rig,2
3245,twats,1
3246,201,2
3247,neutral,1
3248,israelis,1
3249,directed,1
3250,proceeds,1
3251,apac,1
3252,uneducated,1
3253,neck,1
3254,touts,1
3255,zero,1
3256,close,1
3257,judgment,1
3258,jew,1
3259,mention,1
3260,cheney,1
3261,deleted,1
3262,22,1
3263,mocked,1
3264,rolled,1
3265,brokenhearte,1
3266,roberts,1
3267,assasinatio,1
3268,lego,1
3269,refuse,1
3270,staged,1
3271,craigslist,1
3272,televised,1
3273,richest,1
3274,billions,1
3275,laguardia,1
3276,airport,1
3277,impide,1
3278,una,1
3279,mujer,1
3280,haga,1
3281,cargo,1
3282,responsabilida,1
3283,views,1
3284,mavs,1
3285,mad,1
3286,cuban,1
3287,rejecting,1
3288,dakota,1
3289,guard,1
3290,independent,1
3291,bond,1
3292,vigilantes,1
3293,trumponomic,1
3294,wrecks,1
3295,advantage,1
3296,schedule,1
3297,veteran,1
3298,funds,1
3299,similarly,1
3300,green,1
3301,stein,1
3302,irony,1
3303,unabate,1
3304,rising,1
3305,ones,1
3306,waiting,1
3307,averted,1
3308,younger,1
3309,sexier,1
3310,moveon,1
3311,activists,1
3312,march,1
3313,cia,1
3314,low,1
3315,important,1
3316,wahabbi,1
3317,autocrats,1
3318,nations,1
3319,likely,1
3320,aid,2
3321,rebels,1
3322,attracts,1
3323,livid,1
3324,beyonce,1
3325,jay,1
3326,z,1
3327,explodes,1
3328,rag,1
3329,heartless,1
3330,sweet,1
3331,grannys,1
3332,water,1
3333,suppl,1
3334,philadelphi,1
3335,replay,1
3336,salute,1
3337,minutes,2
3338,arise,1
3339,loved,1
3340,scholars,1
3341,rwnj,1
3342,grope,1
3343,handsomest,1
3344,billionaires,1
3345,shell,1
3346,unprecedented,1
3347,happen,3
3348,nex,1
3349,chairman,1
3350,oversight,1
3351,committee,1
3352,jason,1
3353,chaffetz,1
3354,moves,1
3355,rent,1
3356,smoking,1
3357,psychotics,1
3358,babbling,1
3359,working,3
3360,spira,1
3361,provoke,1
3362,hysteria,1
3363,kiev,1
3364,brussel,1
3365,sent,1
3366,biz,1
3367,bash,1
3368,covering,2
3369,packed,1
3370,befor,1
3371,simple,1
3372,bullie,1
3373,hubris,1
3374,confusion,2
3375,strategist,1
3376,nusra,1
3377,induces,2
3378,bless,1
3379,apri,1
3380,comin,1
3381,stealing,3
3382,revalue,1
3383,jaw,1
3384,dropping,1
3385,pric,1
3386,stalking,1
3387,autisti,1
3388,betraying,1
3389,370,1
3390,economists,1
3391,urging,1
3392,traitor,1
3393,implied,1
3394,execute,2
3395,spike,1
3396,premiums,1
3397,boost,1
3398,moronic,1
3399,teacher,1
3400,despite,1
3401,gaining,1
3402,remains,1
3403,dismal,1
3404,gunpoint,2
3405,eve,1
3406,niece,1
3407,defeating,1
3408,liberalism,1
3409,everybody,1
3410,telling,1
3411,ominous,1
3412,feelin,1
3413,tricks,1
3414,collet,1
3415,excuse,2
3416,toutes,1
3417,les,2
3418,minorit,1
3419,qu,1
3420,temps,1
3421,attaquer,1
3422,pendant,1
3423,campagne,1
3424,met,1
3425,bang,1
3426,globalists,1
3427,lives,1
3428,matter,2
3429,activist,1
3430,incite,2
3431,camera,1
3432,proteste,1
3433,beats,1
3434,righted,1
3435,jul,1
3436,places,2
3437,unsettled,1
3438,rapid,1
3439,demographic,1
3440,drawn,1
3441,cub,1
3442,scouts,1
3443,crazy,1
3444,msm,1
3445,gaslighting,1
3446,manipulated,1
3447,adjusted,1
3448,averag,1
3449,wildly,1
3450,divergent,1
3451,surveys,1
3452,correc,1
3453,monster,1
3454,grovel,1
3455,cbs,1
3456,withheld,1
3457,appeal,1
3458,minorities,1
3459,throws,1
3460,promoting,1
3461,legac,1
3462,propagandist,1
3463,wrench,1
3464,works,1
3465,nwo,1
3466,timetable,1
3467,contro,1
3468,consequences,2
3469,candidates,1
3470,waving,1
3471,berlusconi,1
3472,knockoff,1
3473,dismantled,1
3474,steven,1
3475,crowde,1
3476,committing,2
3477,baby,1
3478,betrayed,1
3479,jailed,1
3480,nuts,1
3481,rioter,1
3482,obstacles,1
3483,growth,1
3484,nonsense,1
3485,created,1
3486,toone,1
3487,tulsi,1
3488,gabbard,1
3489,facto,1
3490,throw,1
3491,mail,1
3492,sander,1
3493,elementary,1
3494,chanting,1
3495,muslims,1
3496,creating,1
3497,badges,1
3498,critics,1
3499,preposterous,1
3500,zulema,1
3501,rodriguez,1
3502,matrix,1
3503,tug,1
3504,equilibrium,1
3505,swept,1
3506,quality,1
3507,80s,1
3508,action,1
3509,film,1
3510,entire,1
3511,chickens,1
3512,roos,1
3513,treasury,1
3514,pouring,1
3515,maher,1
3516,medvedev,1
3517,waits,1
3518,froh,1
3519,sich,1
3520,ab,1
3521,morgen,1
3522,endlich,1
3523,nicht,1
3524,mehr,1
3525,zur,1
3526,ckhalten,1
3527,mus,1
3528,network,1
3529,sends,1
3530,casting,1
3531,hands,1
3532,pocket,1
3533,cuomo,1
3534,rudy,1
3535,trumplan,1
3536,sea,1
3537,solutio,1
3538,sart,1
3539,existentialism,1
3540,disrobes,1
3541,projected,1
3542,pandering,1
3543,adminstration,1
3544,props,1
3545,referendum,1
3546,concerned,1
3547,sanctioned,1
3548,persecution,1
3549,gays,2
3550,coalition,1
3551,sexis,1
3552,defacing,1
3553,duma,1
3554,applauds,1
3555,eye,1
3556,lets,1
3557,remain,1
3558,revolte,1
3559,melts,1
3560,postal,1
3561,unqualified,1
3562,personalities,1
3563,saw,1
3564,einigung,1
3565,bei,1
3566,regierungsbildung,1
3567,leitet,1
3568,nftig,1
3569,alle,1
3570,ministerien,1
3571,selbs,1
3572,valentin,1
3573,katasonov,1
3574,agony,1
3575,docto,1
3576,lin,1
3577,manuel,1
3578,miranda,1
3579,musical,1
3580,universit,1
3581,slaps,1
3582,roars,1
3583,slovenia,1
3584,attractions,1
3585,birthplace,1
3586,deceiving,1
3587,reporting,1
3588,honestl,1
3589,tolerant,1
3590,prior,1
3591,vis,1
3592,racists,1
3593,redneck,1
3594,belonged,1
3595,murderous,1
3596,cul,1
3597,figures,1
3598,derailed,1
3599,reductress,1
3600,supposed,1
3601,explain,1
3602,gore,1
3603,climate,3
3604,responded,1
3605,released,1
3606,gu,2
3607,ut,1
3608,cambriol,1
3609,voleurs,1
3610,seraient,1
3611,repartis,1
3612,avec,1
3613,myst,1
3614,rieux,1
3615,almanach,1
3616,des,1
3617,sports,1
3618,yells,1
3619,barron,1
3620,decency,1
3621,picks,1
3622,leak,1
3623,terrifyin,1
3624,project,1
3625,veritas,1
3626,bribery,1
3627,rallie,1
3628,flipped,1
3629,girlfrien,1
3630,practically,1
3631,snowflakes,1
3632,scared,1
3633,turning,1
3634,sot,1
3635,multi,1
3636,contributions,1
3637,gift,1
3638,collapsing,1
3639,nationwide,1
3640,nobel,1
3641,ramos,1
3642,horta,1
3643,disorde,1
3644,recovery,1
3645,collectivism,1
3646,st,1
3647,banging,1
3648,swam,1
3649,closing,1
3650,wome,1
3651,mercy,1
3652,admission,1
3653,shines,1
3654,light,1
3655,neighborhood,1
3656,residents,1
3657,stree,1
3658,anoymous,1
3659,surely,1
3660,29,1
3661,received,1
3662,albuquerque,1
3663,onlin,1
3664,hath,1
3665,wrough,1
3666,sickening,1
3667,hillarist,1
3668,spics,1
3669,kindly,1
3670,negress,1
3671,defende,1
3672,blvd,1
3673,illegals,1
3674,sleep,1
3675,organizatio,1
3676,baba,1
3677,vanga,1
3678,dire,1
3679,toronto,1
3680,published,1
3681,unauthorized,1
3682,database,1
3683,infuriate,1
3684,abandoning,1
3685,increases,1
3686,developing,1
3687,unhinged,1
3688,holds,1
3689,damaged,1
3690,tanking,1
3691,noose,1
3692,doll,1
3693,onslaugh,1
3694,demise,1
3695,learned,1
3696,launch,1
3697,rebecca,1
3698,bennet,1
3699,debunks,1
3700,theory,1
3701,agen,1
3702,warming,1
3703,hoa,1
3704,nbc,1
3705,affiliate,1
3706,accidentally,1
3707,puppe,1
3708,nigel,1
3709,heathrow,1
3710,return,1
3711,visit,2
3712,mysterious,1
3713,brown,1
3714,substance,1
3715,nos,1
3716,spite,1
3717,shooting,1
3718,occurs,1
3719,trumpriot,1
3720,abuser,1
3721,widening,1
3722,divid,1
3723,adrian,1
3724,salbuch,1
3725,international,1
3726,impact,1
3727,senator,1
3728,duk,1
3729,signals,1
3730,differen,1
3731,constitutional,1
3732,amendment,1
3733,propose,1
3734,latinos,1
3735,congratulate,1
3736,anxious,1
3737,improve,1
3738,listed,1
3739,disturbed,1
3740,token,1
3741,review,1
3742,foundatio,1
3743,complicity,1
3744,sortie,1
3745,dernier,1
3746,livre,1
3747,dit,1
3748,gorafi,1
3749,clipse,1
3750,totalement,1
3751,victoire,1
3752,dismissing,1
3753,sound,1
3754,ww,1
3755,budget,1
3756,outsiders,1
3757,happens,1
3758,indictment,1
3759,intensified,1
